id,first_name,email,gender
1,Joseph,jzaniolini0@simplemachines.org,Male
2,Freida,fdrillingcourt1@umich.edu,Female
3,Nanni,nherity2@statcounter.com,Female
4,Orazio,ofrayling3@economist.com,Male
5,Julianne,jmurrison4@cbslocal.com,Female
6,Lucy,lgamet5@list-manage.com,Female
7,Dyana,dhowatt6@amazon.com,Female
8,Kassey,kherion7@amazon.com,Female
9,Chrissy,chedworth8@china.com.cn,Male
10,Hyatt,hgasquoine9@google.ru,Male
11,Felicdad,ftarra@shareasale.com,Female
12,Andrew,abathb@umn.edu,Male
13,Lucais,lchastangc@goo.gl,Male
14,Car,cceried@yale.edu,Male
15,Alvera,ajeppe@umich.edu,Female
16,Prescott,pcaldeirof@chronoengine.com,Male
17,Nariko,nclunieg@utexas.edu,Female
18,Kalvin,kroish@unicef.org,Male
19,Isa,iboycotti@dailymail.co.uk,Female
